Site,Facility,Name,Type,Category,Area,Status,Ownership,Primary Use,Condition,Named For,Constr Date,Occup Date,Architect,Contractor,Constr Cost,GT Category,FIR Cong Dist,On Campus (IRP),FIR Constr Type,FIR Name,FIR Proj No,Address,RI-Aux-Other,ASF,NonASF,FIR Pct Renov,Avg cost/sf,FIR year renov,Demo,Cty/dorm/apt/hse,Remarks
MainGT,002,"Skiles, William Vernon Classroom Building",BUILDING,M,139914,A,1,2,REM26-50,William Vernon Skiles,1/1/1959 0:00,1/1/1959 0:00,A. Thomas Bradbury,A. R. Briggs Constr. Co.,2037000,ACADI&R,5,Y,7,Skiles,E-01,686 Cherry St,100-000-000,71356,55115,43,175,1/1/1995 0:00,,060/ - / - / -,Ground floor extended for bookstore 1962 or 63?
MainGT,003,"Robert, L.W. Alumni House",BUILDING,M,25645,A,1,1,SATIS,"L. W. ""Chip"" Robert",1/1/1911 0:00,1/1/1911 0:00,Morgan And Dillon,"Hence, Adler, Reed",1142000,CAMPSUPP,5,Y,7,Alumni House,,190 North Avenue,050-000-050,15982,4698,100,160,1/1/1979 0:00,,060/ - / - / -,RI UPDATE 11/18/11
MainGT,006,"Smith, John M. Residence Hall",BUILDING,M,63848,A,1,23,SATIS,John M. Smith,1/1/1947 0:00,1/1/1947 0:00,"Bush-Brown, Gailey and Heffernan",J. A. Jones,614000,RESIDENT,5,Y,7,Smith Res Hall,,630 Williams St,001-099-000,40141,15015,60,160,1/1/1993 0:00,,060/0283-0283/0001-0001/ -,"Exercise/sunroom addition 1993? 1% RI - AVPFAC request 2/2011, Steam/chill water line mechanical rm"
MainGT,007,"Brown, Julius Residence Hall",BUILDING,M,17423,A,1,22,SATIS,Julius Brown,1/1/1925 0:00,1/1/1925 0:00,"Skinner, Bush-Brown and Stowell",J. S. McCauley Co.,93000,RESIDENT,5,Y,7,Brown Res Hall,,625 Techwood Dr,001-099-000,10985,3267,60,130,1/1/1993 0:00,,060/0089-0089/0001-0001/ -,"1% RI - AVPFAC request 2/2011, Steam/chill water line mechanical rm"
MainGT,010,"Howell, Clark Residence Hall",BUILDING,M,23933,A,1,22,SATIS,Clark Howell,1/1/1939 0:00,1/1/1939 0:00,"Bush-Brown & Gailey (Jorgensen, Designer)",Griffin Constr. Co.,163000,RESIDENT,5,Y,7,Howell Res. Hall,,640 Williams St,001-099-000,14697,6012,80,130,1/1/1999 0:00,,060/0122-0122/ - / -,"1% RI - AVPFAC request 2/2011, Steam/chill water line mechanical rm"
MainGT,011,"Harris, Nathanial E. Residence Hall",BUILDING,M,25558,A,1,22,SATIS,Nathanial E. Harris,1/1/1926 0:00,1/1/1926 0:00,"Bush-Brown & Stowell, Gailey Associate",,534000,RESIDENT,5,Y,7,Harris Res. Hall,,633 Techwood Dr,001-099-000,13240,8230,100,130,1/1/1992 0:00,,060/0092-0092/0000-0000/ -,"Attic space renovated 1970 or 71? 1% RI - AVPFAC request 2/2011, Steam/chill water line mechanical rm"
MainGT,012,"Brittain, Marion L. Dining Hall",BUILDING,M,19986,A,1,8,SATIS,Marion L. Brittain,1/1/1928 0:00,1/1/1928 0:00,Bush-Brown & Gailey,Marcus & Joel Clayton; George A. Clayton & Co.,418000,STUDSUPP,5,Y,7,Brittain Dining,,649 Techwood Dr,000-100-000,14280,2415,60,160,1/1/2001 0:00,,060/ - / - / -,
MainGT,013,"Cloudman, Josiah Residence Hall",BUILDING,M,23117,A,1,22,SATIS,Josiah Cloudman,1/1/1931 0:00,1/1/1931 0:00,"Bush-Brown, Gailey & Associates",Flagler Constr. Co.,128000,RESIDENT,5,Y,7,Cloudman Res Hal,,661 Techwood Dr,001-099-000,13832,5204,60,130,1/1/1995 0:00,,060/0117-0117/0001-0001/ -,"1% RI - AVPFAC request 2/2011, Steam/chill water line mechanical rm"
MainGT,014,"Harrison, George W. Jr. Residence Hall",BUILDING,M,30526,A,1,22,SATIS,George W. Harrison Jr.,1/1/1939 0:00,1/1/1939 0:00,"Bush-Brown & Gailey (Jorgensen, Designer)",Griffin Constr. Co.,183000,RESIDENT,5,Y,7,Harrison Res Hal,,660 Williams St,001-099-000,19616,6095,80,130,1/1/1998 0:00,,060/0151-0151/0001-0001/ -,"1% RI - AVPFAC request 2/2011, Steam/chill water line mechanical rm"
MainGT,015,"Towers, Donigan D. Residence Hall",BUILDING,M,59986,A,1,23,SATIS,Donigan D. Towers,1/1/1947 0:00,1/1/1947 0:00,"Bush-Brown, Gailey And Heffernan",J. A. Jones,481000,RESIDENT,5,Y,7,Towers Res Hall,,112 Bobby Dodd W,001-099-000,29971,21864,100,130,1/1/2014 0:00,,060/0254-0254/0001-0001/ -,"1% RI - AVPFAC request 3/2011, Steam/chill water line mechanical rm; Previous Pct Renovated was 60/1996 - updated 01/20/15"
MainGT,016,"Glenn, William H. Residence Hall",BUILDING,M,70496,A,1,23,SATIS,William H. Glenn,1/1/1947 0:00,1/1/1947 0:00,"Bush-Brown, Gailey And Heffernan",J. A. Jones,607000,RESIDENT,5,Y,7,Glenn Res Hall,,118 Bobby Dodd W,001-099-000,39124,21552,100,130,8/1/2015 0:00,,060/0332-0332/0001-0001/ -,"1% RI - AVPFAC request 3/2011, Steam/chill water line mechanical rm Renov 1996 60%"
MainGT,016A,GT Connector,BUILDING,M,8591,A,1,1,SATIS,,1/1/2015 0:00,1/1/2015 0:00,Stevens & Wilkinson,New South Construction,5829843,RESIDENT,5,Y,7,GT Connector,BR30,116 Bobby Dodd W,000-100-000,4391,2909,,130,,,060/0000-0000/0000-0000/ -,
MainGT,017,"Dodd, Bobby Stadium at Grant Field",BUILDING,M,347094,A,2,10,SATIS,,1/1/1925 0:00,1/1/1925 0:00,Robert & Co.,"A. K. Adams Co. (""U"" Portion)",965000,ATHASSOC,5,Y,7,Dodd Stadium,,155 North Avenue,012-000-088,125124,189166,80,190,1/1/2003 0:00,,060/ - / - / -,
MainGT,018,"Edge, Arthur B. Intercollegiate Athletic Center",BUILDING,M,72775,A,2,1,SATIS,Arthur B. Edge,1/1/1982 0:00,1/1/1982 0:00,Robert & Company,Batson-Cook Co.,5316000,ATHASSOC,5,Y,7,Edge IAC,,150 Bobby Dodd W,000-000-100,45340,20013,0,140,,,060/ - / - / -,Third floor extended 199?; terrace enclosed 19?.
MainGT,018A,"Rice, Homer Center for Sports Performance",BUILDING,M,39749,A,2,1,SATIS,Homer Rice,1/1/1996 0:00,1/1/1996 0:00,"Smallwood, Reynolds, Stewart, Stewart & Associates Inc.",,7000000,ATHASSOC,5,Y,7,Homer Rice Ctr,,154 Bobby Dodd W,000-000-100,28046,7112,0,160,,,060/0000-0000/0000-0000/0000-0000,
MainGT,020,WREK Transmitter and Tower,BUILDING,M,384,A,1,1,SATIS,,1/1/1985 0:00,1/1/1985 0:00,Vp Facilities,,120000,STUDSUPP,5,Y,7,WREK Transmitter,,850 Curran St,100-000-000,328,0,0,130,,,060/0000-0000/0000-0000/0000-0000,
MainGT,022,"Daniel, J.L. Laboratory",BUILDING,M,22294,A,1,4,SATIS,J. L. Daniel,1/1/1942 0:00,1/1/1942 0:00,Bush-Brown & Gailey,Wpa,333000,ACADI&R,5,Y,7,Daniel Lab,,200 Bobby Dodd W,100-000-000,11807,7383,100,250,1/1/1994 0:00,,060/0000-0000/0000-0000/0000-0000,Fourth floor added 1963.
MainGT,022A,Daniel Lab Addition,BUILDING,M,4152,A,1,4,SATIS,,1/1/1994 0:00,1/1/1994 0:00,Tippet Clepper,,3000,ACADI&R,5,Y,7,Daniel Lab Addn,,200 Bobby Dodd W,100-000-000,2402,1164,0,250,,,060/0000-0000/0000-0000/0000-0000,
MainGT,023A,OIT Engineering,BUILDING,M,2375,A,1,1,SATIS,,1/1/1927 0:00,1/1/1927 0:00,,,10000,CAMPSUPP,5,Y,4,OIT ENG,,220 Bobby Dodd W,100-000-000,1975,88,0,140,,,060/ - / - / -,
MainGT,024,"Smith, David M.",BUILDING,M,38306,A,1,2,REM26-50,David M. Smith,1/1/1923 0:00,1/1/1923 0:00,"Robert & Co. (F.P. Smith, Assoc.)",,367000,ACADI&R,5,Y,7,D M Smith,,685 Cherry St,100-000-000,23027,11218,0,190,,,060/ - / - / -,
MainGT,025,"Chapin, Lloyd W.",BUILDING,M,10310,A,1,1,SATIS,Lloyd W. Chapin,1/1/1910 0:00,1/1/1910 0:00,Francis P. Smith,,69000,ACADSUPP,5,Y,8,Chapin,,681 Cherry St,100-000-000,4102,3992,100,160,12/1/2014 0:00,,060/ - / - / -,
MainGT,026,"Holland, Archibald D. (Heating and Cooling)",BUILDING,M,34372,A,1,6,REM>51,Archibald D. Holland,1/1/1914 0:00,1/1/1914 0:00,Francis P. Smith,,3075000,CAMPSUPP,5,Y,7,Holland Plant,C-01,680 Power Plant,100-000-000,1251,28613,100,550,1/1/1973 0:00,,060/ - / - / -,Substantial addition at front 1972? Other additions also.
MainGT,029A,"Hall, Lyman",BUILDING,M,18445,A,1,1,SATIS,Lyman Hall,1/1/1906 0:00,1/1/1906 0:00,Bruce And Everett (?),Gude And Walker,75000,CAMPSUPP,5,Y,8,Lyman Hall,,221 Uncle Heinie,100-000-000,13545,2111,100,160,1/1/1991 0:00,,060/0000-0000/0000-0000/0000-0000,
MainGT,029B,"Emerson, William Henry",BUILDING,M,16366,A,1,1,SATIS,William Henry Emerson,1/1/1925 0:00,1/1/1925 0:00,R. S. Pringle & Francis P. Smith,,116000,CAMPSUPP,5,Y,7,Emerson,,221 Uncle Heinie,100-000-000,10080,3482,100,160,1/1/1991 0:00,,060/0000-0000/0000-0000/0000-0000,Lecture hall & basement demolished 1991 for Lyman Hall renovation.
MainGT,029C,Lyman/Emerson Addition,BUILDING,M,7720,A,1,1,SATIS,,1/1/1991 0:00,1/1/1991 0:00,Surber & Barber,,116000,CAMPSUPP,5,Y,7,Lyman/Emers Addn,,221 Uncle Heinie,100-000-000,795,6363,0,160,,,060/0000-0000/0000-0000/0000-0000,
MainGT,030,"French, Aaron",BUILDING,M,33107,A,1,1,SATIS,Aaron French,1/1/1898 12:00:00 AM,1/1/1898 12:00:00 AM,"Lockwood, Green & Co",William Bensel & Co.,179000,ACADSUPP,5,Y,8,A French,,237 Uncle Heinie,100-000-000,20318,8546,100,160,1/1/1985 0:00,,060/ - / - / -,Two small additions at rear.
MainGT,031,"Moore, Bill Student Success Center",BUILDING,M,48666,A,1,1,SATIS,Bill Moore,1/1/1992 0:00,1/1/1992 0:00,"Smallwood, Reynolds, Stewart, Stewart & Associates",,6000000,STUDSUPP,5,Y,7,Success Center,,219 Uncle Heinie,100-000-000,26362,17593,0,160,,,060/0000-0000/0000-0000/0000-0000,
MainGT,032,ACC Network Production Center,BUILDING,M,7591,A,1,1,SATIS,,1/1/1988 0:00,1/1/1988 0:00,Carlton P. Fountain,,548000,ATHASSOC,5,Y,7,ACC Network,,955 Fowler St,000-000-100,5445,1366,100,140,1/1/2019 0:00,,060/0000-0000/0000-0000/0000-0000,
MainGT,033,"O'Keefe, Daniel C.",BUILDING,M,111907,A,1,1,REM<26,Daniel C. O'Keefe,1/1/1924 0:00,1/1/1979 0:00,"Marye, Alger & Alger, Inc.",,800000,CAMPSUPP,5,Y,7,OKeefe-Main,,151 Sixth Street,100-000-000,66431,32872,0,120,,,060/ - / - / -,
MainGT,033A,O'Keefe Gym,BUILDING,M,34953,A,1,9,REM26-50,,1/1/1924 0:00,1/1/1979 0:00,,,300000,ATHASSOC,5,Y,7,OKeefe-Gym,,151 Sixth Street,032-000-068,27045,5609,0,140,,,060/ - / - / -,
MainGT,033B,Womens Softball Locker Room,BUILDING,M,6478,A,1,1,SATIS,,1/1/1924 0:00,1/1/1979 0:00,,,100000,ATHASSOC,5,Y,4,Women's Locker,,151 Sixth Street,000-000-100,5207,335,100,140,1/1/2011 0:00,,060/ - / - / -,Second floor added 1989?
MainGT,033C,O'Keefe Storage Facility,BUILDING,M,834,A,1,15,SATIS,,1/1/1980 0:00,1/1/1980 0:00,,,10000,CAMPSUPP,5,Y,6,O'Keefe Storage,,151 Sixth Street,100-000-000,744,0,,35,,,060/0000-0000/0000-0000/0000-0000,
MainGT,035,"Evans, Lettie Pate Whitehead Administration",BUILDING,M,48713,A,1,1,SATIS,Lettie Pate Whitehead Evans,1/1/1888 12:00:00 AM,1/1/1888 12:00:00 AM,Bruce And Morgan,Angus Mcgilvray,43250,ACADSUPP,5,Y,8,Administration,,225 North Avenue,100-000-000,24585,14134,70,160,1/1/2017 0:00,,060/ - / - / -,Attic space renovated in 1980 & 81? 3rd floor renovated in 1995? Fourth floor in 1998?; 100 Pct renovated 1963 (third floor was actually completed later)
MainGT,036,"Carnegie, Andrew",BUILDING,M,10231,A,1,1,SATIS,Andrew Carnegie,1/1/1906 0:00,1/1/1906 0:00,Morgan And Dillon,Gude And Walker,170000,ACADSUPP,5,Y,8,Carnegie,,223 Uncle Heinie,100-000-000,6816,1549,45,160,1/1/2007 0:00,,060/ - / - / -,Addition on rear.
MainGT,038,"Savant, Domenico P.",BUILDING,M,25855,A,1,1,REM<26,Domenico P. Savant,1/1/1901 0:00,1/1/1901 0:00,Walter T. Downing,Harry H. Miles (?),154000,ACADSUPP,5,Y,8,Savant,,631 Cherry St,100-000-000,15765,6539,75,160,1/1/1987 0:00,,060/ - / - / -,One level bridge to Swann added 19?; replaced by two-level bridge 1986?
MainGT,039,"Swann, Janie Austell",BUILDING,M,31154,A,1,2,SATIS,Janie Austell Swann,1/1/1900 0:00,1/1/1900 0:00,Walter T. Downing,Harry H. Miles,142000,ACADI&R,5,Y,8,Swann,,613 Cherry St,100-000-000,11707,14903,100,190,8/1/2005 0:00,,060/ - / - / -,
MainGT,040,"Guggenheim, Daniel F.",BUILDING,M,24442,A,1,4,SATIS,Daniel F. Guggenheim,1/1/1930 0:00,1/1/1930 0:00,Bush-Brown & Gailey,"Brazel, Miller And New Banks",162000,ACADI&R,5,Y,7,Guggenheim (AE),,265 North Avenue,100-000-000,14293,5768,100,190,1/1/1995 0:00,,060/0000-0000/0000-0000/0000-0000,Addition on rear 1994?
MainGT,041,Engineering Science and Mechanics,BUILDING,M,37818,A,1,4,REM>51,,1/1/1938 0:00,1/1/1938 0:00,Bush-Brown & Gailey,Beers Construc. Co.(Ph I);Vanwinkle & Watkins (Ph. Ii) Fwa,314000,ACADI&R,5,Y,7,Engr Sci & Mech,,620 Cherry St,100-000-000,24224,9781,0,190,,,060/ - / - / -,Addition on rear.
MainGT,045,"Coon, John Saylor",BUILDING,M,77867,A,1,4,SATIS,John Saylor Coon,1/1/1920 0:00,1/1/1920 0:00,Francis P. Smith,W. H. George,491000,ACADI&R,5,Y,7,J S Coon,,654 Cherry St,100-000-000,40022,27461,100,190,1/1/2003 0:00,,060/ - / - / -,"Built in stages; Rear wing extended several times, now all demolished. On going discussion about spelling: e or o in the last name."
MainGT,046,"Beringause, Gary F.",BUILDING,M,10472,A,1,1,SATIS,Gary F. Beringause,1/1/1981 0:00,1/1/1981 0:00,Carlton Fountain,"Living Systems, Inc.",615000,CAMPSUPP,5,Y,6,Beringause,,879 Hemphill Ave,100-000-000,8756,750,50,140,1/1/2009 0:00,,060/ - / - / -,
MainGT,047,"Wardlaw, William C. Jr. Center",BUILDING,M,120422,A,1,1,SATIS,William C. Wardlaw Jr.,1/1/1987 0:00,1/1/1988 0:00,Jova Daniels Busby,,9500000,CAMPSUPP,5,Y,7,Wardlaw Center,,177 North Avenue,060-020-020,68364,43577,0,140,,,060/0000-0000/0000-0000/0000-0000,
MainGT,050,Computing (COC),BUILDING,M,118217,A,1,4,SATIS,,1/1/1989 0:00,1/1/1989 0:00,"Hall, Norris & Marsh, Inc.",,10000000,ACADI&R,5,Y,7,Computing (COC),G-35,801 Atlantic Dr,100-000-000,82734,26267,0,250,,,060/0000-0000/0000-0000/0000-0000,
MainGT,051,"Hinman, Thomas P. Research",BUILDING,M,17910,A,1,2,SATIS,Thomas P. Hinman,1/1/1939 0:00,1/1/1939 0:00,"Bush-Brown & Gailey (Heffernan, Designer)",Pwa,99000,ACADI&R,5,Y,7,Hinman,,723 Cherry St,100-000-000,12827,2988,100,175,1/1/2010 0:00,,060/ - / - / -,"Name update/change 2010, Original name: Research Building"
MainGT,051A,"Hinman, Thomas P. Addition",BUILDING,M,18346,A,1,2,SATIS,Thomas P. Hinman,1/1/1951 0:00,1/1/1951 0:00,"Bush-Brown, Gailey And Heffernan",Dye Constr. Co.,393000,ACADI&R,5,Y,7,Hinman Add,,723 Cherry St,100-000-000,10937,5360,100,175,1/1/2010 0:00,,060/ - / - / -,"Name updated/change 2010, Original Hinman Bldg."
MainGT,051B,Calculator,BUILDING,M,6782,A,1,1,REM>51,,1/1/1947 0:00,1/1/1947 0:00,"Bush-Brown, Gailey And Heffernan",Thomas A. Street,131000,CAMPSUPP,5,Y,7,Calculator,,240 Fourth St,100-000-000,4404,1504,0,140,,,060/ - / - / -,
MainGT,051C,Rich (Old),BUILDING,M,7063,A,1,1,REM26-50,,1/1/1955 0:00,1/1/1955 0:00,A. Thomas Bradbury,Concrete Builders,202000,CAMPSUPP,5,Y,7,Rich (Old),B-07,240 Fourth St,100-000-000,4862,1329,0,140,,,060/ - / - / -,
MainGT,051D,Rich Computer Center,BUILDING,M,41522,A,1,1,REM<26,,1/1/1973 0:00,1/1/1973 0:00,"Cooper, Carry & Associates Inc.",,1830000,CAMPSUPP,5,Y,7,Rich (Comp Ctr),S-27,258 Fourth St,100-000-000,25903,11219,0,160,,,060/ - / - / -,
MainGT,051F,Rich Chiller Plant,BUILDING,M,4388,A,1,6,SATIS,,1/1/1986 0:00,1/1/1986 0:00,Rosser Fabrap,,1300000,CAMPSUPP,5,Y,7,Rich Chiller,,725 Cherry St,100-000-000,,4039,0,550,,,060/0000-0000/0000-0000/0000-0000,
MainGT,052,Graduate Living Center,BUILDING,M,139558,A,1,23,SATIS,,1/1/1992 0:00,1/1/1993 0:00,Niles Bolton & Associates,Barge Wagner,7800000,RESIDENT,5,Y,7,Grad Living Ctr,G-74,301 Tenth Street,001-099-000,82186,40874,25,160,1/1/1998 0:00,,060/0000-0000/0347-0347/0000-0000,"1% RI - AVPFAC request 3/2011, Steam/chill water line mechanical rm"
MainGT,055,Instructional Center,BUILDING,M,40537,A,1,2,SATIS,,1/1/1983 0:00,1/1/1983 0:00,"Thompson, Ventulett And Stainback",The Winter Company,1997000,ACADI&R,5,Y,7,Instruction Ctr,C-69,759 Ferst Drive,100-000-000,22765,13689,25,175,1/1/2017 0:00,,060/ - / - / -,
MainGT,056,"Groseclose, Colonel Frank F.",BUILDING,M,54585,A,1,2,SATIS,Colonel Frank F. Groseclose,1/1/1983 0:00,1/1/1983 0:00,"Thompson, Ventulett And Stainback",The Winter Company,2652000,ACADI&R,5,Y,7,Groseclose ISyE,C-69,765 Ferst Drive,100-000-000,34767,13575,0,175,,,060/ - / - / -,
MainGT,057,ISyE Main,BUILDING,M,52687,A,1,4,SATIS,,1/1/1983 0:00,1/1/1983 0:00,"Thompson, Ventulett And Stainback",The Winter Company,2424000,ACADI&R,5,Y,7,ISyE Main,C-67,755 Ferst Drive,100-000-000,32615,14010,0,180,,,060/ - / - / -,Bridge to ISYE added 1988?
MainGT,058,Civil Engineering (Old),BUILDING,M,33434,A,1,2,SATIS,,1/1/1939 0:00,1/1/1939 0:00,"Bush-Brown (Rowland & Jorgensen, Designers)",Mion Constr. Co.,265000,ACADI&R,5,Y,7,Old Civil Eng,J105,221 Bobby Dodd W,100-000-000,17198,12316,100,190,1/1/2008 0:00,,060/ - / - / -,
MainGT,059,"Hall, Stephen C.",BUILDING,M,12597,A,1,2,SATIS,Stephen C. Hall,1/1/1924 0:00,1/1/1924 0:00,GT Dept. of Architecture Faculty,,452000,ACADI&R,5,Y,7,Stephen C. Hall,,215 Bobby Dodd W,100-000-000,6653,3851,100,190,1/1/2012 0:00,,060/ - / - / -,Addition at rear 1980 or 81? NAME CHANGED 2010 Previous year renovated was 1981
MainGT,060A,"Caddell, Joyce K. & John A. Architecture Annex",BUILDING,M,11181,A,1,2,SATIS,Joyce & John Caddell,1/1/1955 0:00,1/1/1996 0:00,Stevens & Wilkinson,,1000,ACADI&R,5,Y,7,Caddell,,280 Ferst Drive,100-000-000,7483,2754,100,175,1/1/2015 0:00,,060/0000-0000/0000-0000/0000-0000,
MainGT,062,Pumping Station,BUILDING,M,252,A,1,6,SATIS,,1/1/1948 0:00,1/1/1948 0:00,,,1000,CAMPSUPP,5,Y,7,Pumping Station,,185 Bobby Dodd W,100-000-000,,192,0,550,,,060/ - / - / -,
MainGT,064,"Nelson, Kurt S. (West), Carolyn & Earl Shell (North) UG Liv Ctr",BUILDING,M,191511,A,1,23,SATIS,"Kurt S. Nelson (West), Carolyn & Earl Shell (North)",1/1/1992 0:00,1/1/1993 0:00,Cooper Carry,,12400000,RESIDENT,5,Y,7,Ugrad Living Ctr,G-73,580 Turner Place,001-099-000,99937,68438,25,160,1/1/2001 0:00,,060/0000-0000/0427-0427/0000-0000,"1% RI - AVPFAC request 3/2011, Steam/chill water line mechanical rm"
MainGT,065,"Maulding, Jeanette & William and Zbar, Jack J & Leda L Res Hall",BUILDING,M,211922,A,1,23,SATIS,William & Jeanette Maulding;Jack J & Leda L Zbar,1/1/1995 0:00,1/1/1995 0:00,Turner Assoc.,,19197000,RESIDENT,5,Y,7,Maulding/Zbar,G-90,501 Sixth Street,001-099-000,115579,68667,0,160,,,060/0000-0000/0477-0477/0000-0000,"1% RI - AVPFAC request 3/2011, Steam/chill water line mechanical rm"
MainGT,066,"Emerson, Cherry L.",BUILDING,M,15650,A,1,4,REM>51,Cherry L. Emerson,1/1/1959 0:00,1/1/1959 0:00,John W. Cherry,Vanwinkle Constr. Co.,550000,ACADI&R,5,Y,7,Cherry Emerson,,310 Ferst Drive,100-000-000,8274,5913,0,215,,,060/ - / - / -,
MainGT,066A,Emerson Addition,BUILDING,M,45056,A,1,4,REM>51,Cherry L. Emerson,1/1/1968 0:00,1/1/1968 0:00,John W. Cherry,Barge & Company,1065000,ACADI&R,5,Y,7,C Emerson Addn,O-08,310 Ferst Drive,100-000-000,27276,13589,0,215,,,060/ - / - / -,
MainGT,067,Facilities Garage/Warehouse,BUILDING,M,9752,A,1,1,SATIS,,1/1/1948 0:00,1/1/1948 0:00,"Bush-Brown, Gailey And Heffernan",Wesley Constr. Co.,6000,CAMPSUPP,5,Y,7,Garage-Warehouse,,306 Tenth St. NW,100-000-000,7183,1655,0,140,,,060/ - / - / -,
MainGT,067A,Facilities Operations Storage,BUILDING,M,6943,A,1,1,SATIS,,1/1/1989 0:00,1/1/1990 0:00,Vp Facilities,,300000,CAMPSUPP,5,Y,7,Fac Storage,,947 Atlantic Dr,100-000-000,5994,258,0,140,,,060/0000-0000/0000-0000/0000-0000,
MainGT,071,President's House,BUILDING,M,9637,A,1,21,SATIS,,1/1/1949 0:00,1/1/1949 0:00,Toombs And Creighton,Mion Constr. Co.,192000,RESIDENT,5,Y,4,Presidents Home,,292 Tenth Street,100-000-000,8360,32,0,90,,,060/ - / - /0001-0001,New garage added 1970?; porch enclosed 1988?
MainGT,071A,President's House - Grounds,BUILDING,M,1601,A,1,21,SATIS,,1/1/1985 0:00,1/1/1985 0:00,Vp Facilities,,50000,RESIDENT,5,Y,2,Grounds-Pres Hm,,294 Tenth Street,100-000-000,1415,12,0,75,,,060/0000-0000/0000-0000/0000-0000,
MainGT,072,"Brittain, Marion L. ""T"" Room Addition",BUILDING,M,1989,A,1,8,SATIS,Marion L. Brittain,1/1/1949 0:00,1/1/1949 0:00,"Bush-Brown, Gailey And Heffernan",Dye Constr. Co.,64000,STUDSUPP,5,Y,7,Brittain T Room,,658 Williams St,000-100-000,1856,0,0,160,,,060/ - / - / -,
MainGT,073,McCamish Pavilion,BUILDING,M,203836,A,1,10,SATIS,Hank McCamish,1/1/1957 0:00,1/1/1957 0:00,Aeck Associates,Mion Constr. Co.,3046000,ATHASSOC,5,Y,7,McCamish Pav,,965 Fowler St,050-000-050,113833,76087,82,190,1/1/2012 0:00,,060/ - / - / -,WILLIAM A. ALEXANDER Memorial Coliseum renamed 2011. Demolition & reconstruction
MainGT,073A,"Luck, James K. Jr.",BUILDING,M,12516,A,1,9,SATIS,James K. Luck Jr.,1/1/1987 0:00,1/1/1987 0:00,"Smallwood, Reynolds, Stewart, Stewart & Associates Inc",,800000,ATHASSOC,5,Y,7,Luck,,175 Eighth St,000-000-100,9179,1931,0,140,,,060/0000-0000/0000-0000/0000-0000,
MainGT,073B,"Zelnak, Judy & Steve Basketball Practice Facility",BUILDING,M,19825,A,1,9,SATIS,Steve & Judy Zelnak,1/1/2009 0:00,10/1/2009 0:00,Heery International,,8500000,ATHASSOC,5,Y,7,Zelnak BB Ctr,,177 Eighth St,000-000-100,16669,1593,0,170,,,060/0000-0000/0000-0000/0000-0000,
MainGT,074,"Bradley, W.C. & Sarah",BUILDING,M,8442,A,1,8,SATIS,W. C. & Sarah Bradley,1/1/1951 0:00,1/1/1951 0:00,"Bush-Brown, Gailey And Heffernan",Concrete Builders,220000,CAMPSUPP,5,Y,7,Bradley,,224 Uncle Heinie,044-056-000,6335,1120,85,145,3/18/2013 0:00,,060/ - / - / -,Updated RI 8/2013
MainGT,075,Architecture (West),BUILDING,M,52724,A,1,2,SATIS,,1/1/1980 0:00,1/1/1980 0:00,"Cooper, Carry & Associates Inc.",Marvin M. Black Co.,2497000,ACADI&R,5,Y,7,Arch (West),C008,247 Fourth St,100-000-000,35194,14219,0,175,,,060/ - / - / -,
MainGT,076,Architecture (East),BUILDING,M,66026,A,1,2,REM<26,,1/1/1952 0:00,1/1/1952 0:00,"Bush-Brown, Gailey And Heffernan",J. A. Jones,1171000,ACADI&R,5,Y,7,Arch (East),B-00,245 Fourth St,100-000-000,35798,21803,0,175,,,060/ - / - / -,
MainGT,077,"Gilbert, Judge S. Price Memorial Library",BUILDING,M,99832,A,1,7,REM26-50,Judge S. Price Gilbert,1/1/1953 0:00,1/1/1953 0:00,"Bush-Brown, Gailey And Heffernan",J. A. Jones,1881000,ACADSUPP,5,Y,7,Gilbert Library,B-03,704 Cherry St,100-000-000,64973,27495,0,195,,,060/ - / - / -,
MainGT,080A,Griffin Track Stands,BUILDING,M,888,A,1,10,SATIS,,1/1/1987 0:00,1/1/1987 0:00,,,1000,ATHASSOC,5,Y,7,Griffin Stands,,940 Fowler St,000-000-100,297,360,0,160,,,060/0000-0000/0000-0000/0000-0000,Partially demolished May 2012 during new tennis center construction
MainGT,081,"Howey, Joseph H.",BUILDING,M,136092,A,1,3,REM26-50,Joseph H. Howey,1/1/1967 0:00,1/1/1967 0:00,Robert & Company,Wood-Hopkins Constr. Co.,3350000,ACADI&R,5,Y,7,Howey (Physics),J-05,800 Atlantic Dr,100-000-000,79523,41710,0,200,,,060/ - / - / -,
MainGT,083C,Storeroom Annex,BUILDING,M,9415,A,1,15,SATIS,,1/1/1988 0:00,1/1/1988 0:00,Vp Facilities,,155000,CAMPSUPP,5,Y,6,Storerm Annex,,915 Atlantic Dr,100-000-000,8154,248,0,35,,,060/0000-0000/0000-0000/0000-0000,
MainGT,084,"Weber, Paul Space Science & Technology (SST1)",BUILDING,M,51706,A,1,4,SATIS,Paul Weber,1/1/1967 0:00,1/1/1967 0:00,John W. Cherry,Abco Builders,1040000,ACADI&R,5,Y,7,Weber (SST 1),,281 Ferst Drive,100-000-000,29701,17450,100,180,1/1/2000 0:00,,060/ - / - / -,
MainGT,085,"Van Leer, Blake R.",BUILDING,M,165607,A,1,4,REM26-50,Colonel Blake Ragsdale Van Leer,1/1/1961 0:00,1/1/1961 0:00,Robert & Company,Abco Builders,3162000,ACADI&R,5,Y,7,Van Leer (EE),F-11,777 Atlantic Dr,100-000-000,96159,55331,0,215,,,060/ - / - / -,
MainGT,086,Bunger-Henry,BUILDING,M,151265,A,1,4,REM<26,Harold Bunger & A. V. Henry,1/1/1964 0:00,1/1/1964 0:00,"Finch, Alexander, Barnes, Rothschild & Paschal",A. R. Briggs,2998000,ACADI&R,5,Y,7,Bunger-Henry,G-06,778 Atlantic Dr,100-000-000,81891,54801,0,215,,,060/ - / - / -,
MainGT,090,"Field, Floyd Residence Hall",BUILDING,M,26341,A,1,22,SATIS,Floyd Field,1/1/1961 0:00,1/1/1961 0:00,"W. Elliot Dunwoody, Jr.",,378000,RESIDENT,5,Y,7,Field Res Hall,CH18,711 Techwood Dr,001-099-000,16282,6626,60,105,1/1/1995 0:00,,060/0122-0122/ - / -,"1% RI - AVPFAC request 3/2011, Steam/chill water line mechanical rm"
MainGT,091,"Matheson, Kenneth G. Residence Hall",BUILDING,M,33995,A,1,22,SATIS,Kenneth G. Matheson,1/1/1961 0:00,1/1/1961 0:00,"W. Elliot Dunwoody, Jr.",,394000,RESIDENT,5,Y,7,Matheson Res Hal,CH18,715 Techwood Dr,001-099-000,20971,9300,80,105,1/1/1993 0:00,,060/0147-0147/ - / -,"Exit stair 1984?; Lounge addition constructed 199? 1% RI - AVPFAC request 3/2011, Steam/chill water line mechanical rm"
MainGT,092,"Perry, William G. Residence Hall",BUILDING,M,20371,A,1,22,SATIS,William G. Perry,1/1/1961 0:00,1/1/1961 0:00,"W. Elliot Dunwoody, Jr.",,403000,RESIDENT,5,Y,7,Perry Res Hall,CH18,715 Techwood Dr,001-099-000,13528,4592,80,105,1/1/1993 0:00,,060/0118-0118/ - / -,"Exercise room addition constructed 199? 1% RI - AVPFAC request 3/2011, Steam/chill water line mechanical rm"
MainGT,093,"Hanson, Major John Residence Hall",BUILDING,M,23775,A,1,22,SATIS,Major John Hanson,1/1/1961 0:00,1/1/1961 0:00,"W. Elliot Dunwoody, Jr.",,369000,RESIDENT,5,Y,7,Hanson Res Hall,CH18,109 Bobby Dodd W,001-099-000,14636,6311,80,105,1/1/1991 0:00,,060/0114-0114/ - / -,"1% RI - AVPFAC request 3/2011, Steam/chill water line mechanical rm"
MainGT,094,"Hopkins, Issac S. Residence Hall",BUILDING,M,24403,A,1,22,SATIS,Issac S. Hopkins,1/1/1961 0:00,1/1/1961 0:00,"W. Elliot Dunwoody, Jr.",,356000,RESIDENT,5,Y,7,Hopkins Res Hall,CH18,115 Bobby Dodd W,001-099-000,15942,5699,60,105,1/1/1995 0:00,,060/0129-0129/ - / -,"1% RI - AVPFAC request 3/2011, Steam/chill water line mechanical rm"
MainGT,095,"Pettit, Joseph M. Microelectronics Research",BUILDING,M,98420,A,1,4,SATIS,Joseph M. Pettit,1/1/1988 0:00,1/1/1989 0:00,Jova Daniels Busby,,10200000,ACADI&R,5,Y,7,MiRC,G-38,791 Atlantic Dr,100-000-000,47451,41582,0,250,,,060/0000-0000/0000-0000/0000-0000,
MainGT,098,"Weber, Paul Space Science & Technology (SST3)",BUILDING,M,34411,A,1,4,REM<26,Paul Weber,1/1/1967 0:00,1/1/1967 0:00,John W. Cherry,"Connor's, Inc.",750000,ACADI&R,5,Y,7,Weber Clrm SST3,O-49,275 Ferst Drive,100-000-000,21567,9801,0,180,,,060/ - / - / -,
MainGT,100,"Crosland, Dorothy M. Tower",BUILDING,M,126631,A,1,7,SATIS,Dorothy M. Crosland,1/1/1968 0:00,1/1/1968 0:00,Robert & Company,Beers Constr. Co.,3393000,ACADSUPP,5,Y,7,Crosland Tower,O-50,241 Bobby Dodd W,100-000-000,70215,43987,100,195,1/1/2018 0:00,,060/ - / - / -,Small addition on east side basement 1977? Complete renovation 2018 - opened January 2019.
MainGT,101,"Knight, Montgomery Aerospace Engineering (SST2)",BUILDING,M,55409,A,1,4,REM26-50,Montgomery Knight,1/1/1968 0:00,1/1/1968 0:00,John W. Cherry,"Connor'S, Inc.",1725000,ACADI&R,5,Y,7,Knight,O-06,270 Ferst Drive,100-000-000,34986,15796,0,215,,,060/ - / - / -,Incorporated a portion of an existing building (042A) (protrusion on west side).
MainGT,103,"Boggs, Gilbert Hillhouse",BUILDING,M,154356,A,1,3,SATIS,Gilbert Hillhouse Boggs,1/1/1970 0:00,1/1/1970 0:00,"Finch, Alexander, Barnes, Rothschild And Paschal",Warrior Constr. Co.,4853000,ACADI&R,5,Y,7,Boggs,O-05,770 State Street,100-000-000,87944,50515,25,215,5/1/2015 0:00,,060/ - / - / -,
MainGT,103A,Boggs Storage Facility,BUILDING,M,434,A,1,1,SATIS,,1/1/1971 0:00,1/1/1971 0:00,,,43000,ACADI&R,5,Y,7,Boggs Storage,,770 State Street,100-000-000,366,0,0,120,,,060/0000-0000/0000-0000/0000-0000,
MainGT,104,"Wenn, Fred B. Student Center",BUILDING,M,112342,A,1,8,REM26-50,Fred B. Wenn,1/1/1969 0:00,1/1/1969 0:00,"Finch, Alexander, Barnes, Rothschild And Paschal",Barge And Company,2358000,STUDSUPP,5,Y,7,Wenn Student Ctr,O-09,350 Ferst Drive,068-032-000,74702,28075,0,145,,,060/ - / - / -,Dining area addition constructed 1988. Address is supposed to be 351 Ferst Drive but occupants use 350.
MainGT,104A,Post Office,BUILDING,M,5704,A,1,8,SATIS,,1/1/1989 0:00,1/1/1989 0:00,Johnson Smith Reagan,,440000,STUDSUPP,5,Y,7,Post Office,,350 Ferst Drive,100-000-000,4480,822,0,145,,,060/0000-0000/0000-0000/0000-0000,Address is supposed to be 351 Ferst Drive but occupants use 350.
MainGT,105,"Commander, Robert C. Commons",BUILDING,M,7198,A,1,1,SATIS,Robert C. Commander,1/1/1969 0:00,1/1/1969 0:00,,Abco Builders,149000,RESIDENT,5,Y,7,Commander,S-04,873 McMillan St,000-100-000,4856,1603,50,140,1/1/1998 0:00,,060/ - / - / -,
MainGT,106,"Fulmer, Herman K. Residence Hall",BUILDING,M,16342,A,1,22,SATIS,Herman K. Fulmer,1/1/1969 0:00,1/1/1969 0:00,James C. Wise - Simpson - Aiken And Associates,Abco Builders,327000,RESIDENT,5,Y,7,Fulmer Res Hall,S-04,871 McMillan St,001-099-000,8832,5917,100,105,1/1/2000 0:00,,060/0058-0058/0002-0002/ -,"1% RI - AVPFAC request 3/2011, Steam/chill water line mechanical rm"
MainGT,107,"Hefner, Ralph A. Residence Hall",BUILDING,M,24130,A,1,23,SATIS,Ralph A. Hefner,1/1/1969 0:00,1/1/1969 0:00,,Abco Builders,468000,RESIDENT,5,Y,7,Hefner Res Hall,S-04,510 Eighth St,001-099-000,14895,6606,80,130,1/1/2007 0:00,,060/0126-0126/ - / -,"1% RI - AVPFAC request 3/2011, Steam/chill water line mechanical rm"
MainGT,108,"Armstrong, Arthur H. Residence Hall",BUILDING,M,22460,A,1,23,SATIS,Arthur H. Armstrong,1/1/1969 0:00,1/1/1969 0:00,,Abco Builders,468000,RESIDENT,5,Y,7,Armstrong Res Ha,S-04,498 Eighth St,001-099-000,14372,5791,80,130,1/1/2007 0:00,,060/0126-0126/ - / -,"1% RI - AVPFAC request 3/2011, Steam/chill water line mechanical rm"
MainGT,109,"Caldwell, Hugh H. Residence Hall",BUILDING,M,28974,A,1,23,SATIS,Hugh H. Caldwell,1/1/1969 0:00,1/1/1969 0:00,Bull & Kenney,Abco Builders,478000,RESIDENT,5,Y,7,Caldwell Res Hal,S-06,521 Turner Place,001-099-000,18810,7311,100,130,9/1/2002 0:00,,060/0156-0156/ - / -,"1% RI - AVPFAC request 3/2011, Steam/chill water line mechanical rm"
MainGT,110,"Folk, Edwin H. Residence Hall",BUILDING,M,28974,A,1,23,SATIS,Edwin H. Folk,1/1/1969 0:00,1/1/1969 0:00,Bull & Kenney,Abco Builders,478000,RESIDENT,5,Y,7,Folk Res Hal,S-06,531 Turner Place,001-099-000,18673,7450,25,130,1/1/1998 0:00,,060/0157-0157/ - / -,"1% RI - AVPFAC request 3/2011, Steam/chill water line mechanical rm"
MainGT,111,"Mason, Jesse",BUILDING,M,96919,A,1,4,SATIS,Jesse Mason,1/1/1969 0:00,1/1/1969 0:00,L. H. Swayze,Beers Constr. Co.,2160000,ACADI&R,5,Y,7,Mason (CE),V-03,790 Atlantic Dr,100-000-000,58518,29556,100,215,7/1/2013 0:00,,060/ - / - / -,Second floor extended in rear portion 1997?
MainGT,114,"Stamps, Penny & Roe Student Center Commons",BUILDING,M,21955,A,1,8,SATIS,Roe Stamps,1/1/1970 0:00,1/1/1971 0:00,Jova/Daniels/Busby,"Dandata Builders, Inc.",737000,STUDSUPP,5,Y,7,Stamps Commons,,350 Ferst Drive,027-073-000,15450,5081,100,145,1/1/2004 0:00,,060/ - / - / -,RI-AuxSer change 9/24/2010 per Bob Junco. Address is supposed to be 301 Ferst Drive but occupants use 350.
MainGT,114A,Stamps Addition,BUILDING,M,27045,A,1,8,SATIS,Roe Stamps,1/1/1985 0:00,1/1/1985 0:00,Associated Consulting Group,,1250000,STUDSUPP,5,Y,7,Stamps Addition,,350 Ferst Drive,073-027-000,14928,9534,80,145,1/1/2004 0:00,,060/0000-0000/0000-0000/0000-0000,Address is supposed to be 301 Ferst Drive but occupants use 350.
MainGT,115,"Couch, J. Allen",BUILDING,M,31479,A,1,2,REM>51,J. Allen Couch,1/1/1935 0:00,1/1/1975 0:00,G. Lloyd Preacher & Co. Inc.,,347000,ACADI&R,5,Y,7,Couch,,840 McMillan St,100-000-000,17593,9883,0,175,,,060/ - / - / -,
MainGT,116,"Woodruff, Irene & George Residence Hall",BUILDING,M,142209,A,1,23,SATIS,George & Irene Woodruff,1/1/1984 0:00,1/1/1984 0:00,Stevens & Wilkinson,The Winter Company,8500000,RESIDENT,5,Y,7,Woodruff Res Hal,C-71,890 Curran St,001-099-000,85894,36095,25,130,1/1/2000 0:00,,060/0532-0532/0001-0001/0000-0000,"1% RI - AVPFAC request 3/2011, Steam/chill water line mechanical rm"
MainGT,117,"Freeman, Y. Frank Jr. Residence Hall",BUILDING,M,27060,A,1,23,SATIS,Y. Frank Freeman Jr.,1/1/1972 0:00,1/1/1972 0:00,Bradbury & Assoc.,"Nelson, Farber & Franson",580000,RESIDENT,5,Y,7,Freeman Res Hall,T-04,835 McMillan St,001-099-000,16600,7042,80,130,1/1/2011 0:00,,060/0115-0115/ - / -,"1% RI - AVPFAC request 3/2011, Steam/chill water line mechanical rm"
MainGT,118,"Montag, Harold E. Residence Hall",BUILDING,M,23926,A,1,23,SATIS,Harold E. Montag,1/1/1972 0:00,1/1/1972 0:00,Bradbury & Assoc.,"Nelson, Farber & Franson",632000,RESIDENT,5,Y,7,Montag Res Hall,T-04,845 McMillan St,001-099-000,16454,4687,80,130,1/1/2011 0:00,,060/0117-0117/0001-0001/ -,"1% RI - AVPFAC request 3/2011, Steam/chill water line mechanical rm"
MainGT,119,"Fitten, Louise M. Residence Hall",BUILDING,M,31599,A,1,23,SATIS,Louise M. Fitten,1/1/1972 0:00,1/1/1972 0:00,Bradbury & Assoc.,"Nelson, Farber & Franson",729000,RESIDENT,5,Y,7,Fitten Res Hall,T-04,855 McMillan St,001-099-000,18723,8685,80,130,1/1/2011 0:00,,060/0135-0135/0001-0001/ -,"1% RI - AVPFAC request 3/2011, Steam/chill water line mechanical rm"
MainGT,123,"Smithgall, Charles A. Jr. Student Services",BUILDING,M,42598,A,1,1,SATIS,Charles A. Smithgall Jr.,1/1/1990 0:00,1/1/1991 0:00,Johnson Smith Reagan,,3300000,STUDSUPP,5,Y,7,Student Services,G-39,353 Ferst Drive,085-015-000,28941,9761,0,160,,,060/0000-0000/0000-0000/0000-0000,
MainGT,124,"Ferst, Robert Center for The Arts",BUILDING,M,40490,A,1,10,SATIS,Robert Ferst,1/1/1992 0:00,1/1/1992 0:00,Johnson Smith Reagan,,3300000,STUDSUPP,5,Y,7,Ferst Theater,G-39,349 Ferst Drive,050-050-000,29948,6308,0,220,,,060/0000-0000/0000-0000/0000-0000,
MainGT,125,Southern Regional Education Board,BUILDING,M,22902,A,1,1,SATIS,,1/1/1986 0:00,1/1/1986 0:00,"Hall, Norris & Marsh",,1500000,OTHER,5,Y,7,SREB,C-77,592 Tenth Street,000-000-100,14337,6099,0,140,,,060/0000-0000/0000-0000/0000-0000,
MainGT,126,"Callaway, Fuller E. Jr. Manufacturing Research Center",BUILDING,M,119294,A,1,4,SATIS,Fuller E. Callaway Jr.,1/1/1990 0:00,1/1/1991 0:00,Lord & Sargent,,15000000,ACADI&R,5,Y,7,MaRC,G-53,813 Ferst Drive,100-000-000,62810,45393,0,250,,,060/0000-0000/0000-0000/0000-0000,
MainGT,129,Paper Tricentennial,BUILDING,M,162923,A,1,4,SATIS,,1/1/1992 0:00,1/1/1992 0:00,Robert & Co.,,21000000,ACADI&R,5,Y,7,Paper Tricentenn,G-58,500 Tenth Street,100-000-000,91869,54256,0,250,,,060/0000-0000/0000-0000/0000-0000,
MainGT,130,Eighth Street Apartments,BUILDING,M,289933,A,1,23,SATIS,,1/1/1995 0:00,1/1/1995 0:00,Cooper Carry,,24844000,RESIDENT,5,Y,7,Eighth St Apts,G89A,555 Eighth St,001-099-000,151364,102564,0,160,,,060/0000-0000/0650-0650/0000-0000,"1% RI - AVPFAC request 3/2011, Steam/chill water line mechanical rm"
MainGT,131,"Crecine, John Patrick Residence Hall",BUILDING,M,132885,A,1,23,SATIS,John Patrick Crecine,1/1/1995 0:00,1/1/1995 0:00,Jova Daniel Busby,,13235000,RESIDENT,5,Y,7,Crecine Res Hall,G-92,900 Hemphill Ave,001-099-000,76973,35453,0,160,,,060/0000-0000/0322-0322/0000-0000,"1% RI - AVPFAC request 3/2011, Steam/chill water line mechanical rm"
MainGT,132,Center Street Apartments,BUILDING,M,152789,A,1,23,SATIS,,1/1/1995 0:00,1/1/1995 0:00,John Portman & Associates,,14024000,RESIDENT,5,Y,7,Center St Apts,G-91,939 Hemphill Ave,001-099-000,92927,40855,25,160,1/1/1999 0:00,,060/0000-0000/0352-0352/0000-0000,"1% RI - AVPFAC request 3/2011, Steam/chill water line mechanical rm"
MainGT,133,Tenth Street Chiller Plant,BUILDING,M,8756,A,1,6,SATIS,,1/1/1995 0:00,1/1/1995 0:00,Cooper Carry,,3254000,CAMPSUPP,5,Y,7,10th St Chiller,G89B,460 Tenth Street,100-000-000,102,7502,0,550,,,060/0000-0000/0000-0000/0000-0000,
MainGT,133A,Tenth Street Chiller Plant Addition,BUILDING,M,7861,A,1,6,SATIS,,1/1/2001 0:00,1/1/2001 0:00,Lockwood Green,,4346000,CAMPSUPP,5,Y,7,10th St Chlr Add,I-82,460 Tenth Street,100-000-000,,7359,,550,,,060/0000-0000/0000-0000/0000-0000,
MainGT,134,"Stein, Goldin, Hayes, Gray House - Fourth Street Houses",BUILDING,M,30843,A,1,22,SATIS,"Jack C. Stein, Carolyn & James Goldin, Herb Hayes, Donald M Gray",1/1/1995 0:00,1/1/1995 0:00,"Smallwood, Reynolds, Stewart, Stewart & Associates",,3400000,RESIDENT,5,Y,7,Fourth St Houses,G93,733 Techwood Dr,001-099-000,18895,7294,0,130,,,060/0000-0000/0096-0096/0000-0000,"1% RI - AVPFAC request 3/2011, Steam/chill water line mechanical rm"
MainGT,135,Manufacturing Related Disciplines Complex,BUILDING,M,121973,A,1,4,SATIS,,1/1/1995 0:00,1/1/1995 0:00,Lord Aeck & Sargent,,16305000,ACADI&R,5,Y,7,MRDC,G-68,801 Ferst Drive,100-000-000,66576,42133,0,250,,,060/0000-0000/0000-0000/0000-0000,
MainGT,136,Tech Way Building,BUILDING,M,30274,A,1,4,SATIS,,1/1/1970 0:00,1/1/1993 0:00,,,520000,ACADI&R,5,Y,7,Tech Way,,505 Tech Way,100-000-000,25000,3486,0,215,,,060/0000-0000/0000-0000/0000-0000,
MainGT,137,781 Marietta Street N.W.,BUILDING,M,29160,A,5,2,SATIS,,1/1/1986 0:00,1/1/1992 0:00,Chapman Coyle Chapman,,2100000,ACADI&R,5,Y,7,781 Marietta St.,,781 Marietta St,100-000-000,16513,8709,0,175,,,060/0000-0000/0000-0000/0000-0000,
MainGT,138,811 Marietta Street N.W.,BUILDING,M,44856,A,1,1,SATIS,,1/1/1984 0:00,1/1/1995 0:00,,"Atlanta Commercial Builders, Inc.",200000,CAMPSUPP,5,Y,7,811 Marietta St.,,811 Marietta St,100-000-000,35897,5127,0,140,,,060/0000-0000/0000-0000/0000-0000,Second floor extended 1995 or 96?
MainGT,140,Aquatic Center,BUILDING,M,236473,A,2,9,SATIS,,1/1/1995 0:00,1/1/1995 0:00,"Smallwood, Reynolds, Stewart, Stewart & Associates",,10000000,STUDSUPP,5,Y,7,Aquatic Ctr,,750 Ferst Dr,097-000-003,157643,59914,80,170,1/1/2002 0:00,,060/0000-0000/0000-0000/0000-0000,AA Locker room update 1/2011 CAA
MainGT,142,Human Resources,BUILDING,M,16261,A,1,1,SATIS,,1/1/1984 0:00,1/1/1995 0:00,,,1000,CAMPSUPP,5,Y,7,Human Resources,,500 Tech Parkway,100-000-000,13093,1640,0,140,,,060/0000-0000/0000-0000/0000-0000,
MainGT,144,"Love, J. Erskine Jr. Manufacturing",BUILDING,M,158124,A,1,4,SATIS,J. Erskine Love Jr.,1/1/2000 0:00,1/1/2000 0:00,Perkins & Will,,27260000,ACADI&R,5,Y,7,Love,H-84,771 Ferst Drive,100-000-000,80696,64336,0,250,,,060/0000-0000/0000-0000/0000-0000,Wind tunnel mezzanine added 2001.
MainGT,145,"Allen, Lamar Sustainable Education",BUILDING,M,33030,A,1,4,SATIS,Lamar Allen,1/1/1998 0:00,1/1/1998 0:00,Gsss&P,,3574000,ACADI&R,5,Y,7,SEB,,788 Atlantic Dr,100-000-000,17295,13128,0,250,,,060/0000-0000/0000-0000/0000-0000,
MainGT,146,"Petit, Parker H. Biotechnology",BUILDING,M,155241,A,8,4,SATIS,Parker H. Petit,1/1/1999 0:00,1/1/1999 0:00,Hok,,31770000,ACADI&R,5,Y,7,Biotechnology,,315 Ferst Drive,100-000-000,100457,36028,0,250,,,060/0000-0000/0000-0000/0000-0000,Naming from November 2002 BOR minutes.
MainGT,147,Ford Environmental Sciences and Technology,BUILDING,M,292144,A,1,4,SATIS,,1/1/2002 0:00,1/1/2002 0:00,"Hellmuth, Obata & Kassabaum, Inc.","Archer-Western Contractors, Ltd.",58216000,ACADI&R,5,Y,7,Ford ES&T,I-11,311 Ferst Dr,100-000-000,160739,97644,,250,,,060/0000-0000/0000-0000/0000-0000,Naming from November 2000 BOR minutes.
MainGT,149,Structural Engineering & Materials Research Lab,BUILDING,M,31994,A,1,4,SATIS,,1/1/1998 0:00,1/1/1999 0:00,Richards + Wittschebe,,6925000,ACADI&R,5,Y,7,Structures Lab,,625 Lambert St,100-000-000,26375,3747,0,250,,,060/0000-0000/0000-0000/0000-0000,
MainGT,151,"Zinn, Ben T. Laboratory",BUILDING,M,21491,A,1,4,SATIS,Ben T. Zinn,1/1/2000 0:00,1/1/2000 0:00,Rosser International Inc,,6556000,ACADI&R,5,Y,7,Combust Lab,,635 Strong St,100-000-000,13667,4008,0,250,,,060/0000-0000/0000-0000/0000-0000,Renamed 9/2012
MainGT,152,Broadband Institute Residential Laboratory,BUILDING,M,6401,A,1,4,SATIS,,1/1/2000 0:00,1/1/2000 0:00,David Wright & Assoc,,589000,ACADI&R,5,Y,2,Aware House,,479 Tenth Street,100-000-000,3715,1898,0,180,,,060/0000-0000/0000-0000/0000-0000,
MainGT,153,"Klaus, Christopher W. Advanced Computing",BUILDING,M,417422,A,9,4,SATIS,Christopher W. Klaus,1/1/2006 0:00,1/1/2006 0:00,Perkins And Will,W.G. Yates And Sons,56945000,ACADI&R,5,Y,7,Klaus ACB,J-19,266 Ferst Dr,058-042-000,228063,165304,,250,,,060/0000-0000/0000-0000/0000-0000,
MainGT,155,Research Administration,BUILDING,M,12345,A,1,1,SATIS,,1/1/1986 0:00,1/1/2000 0:00,,,1000,ACADSUPP,5,Y,4,Research Admin,,505 Tenth St,100-000-000,9725,832,100,140,1/1/2002 0:00,,060/0000-0000/0000-0000/0000-0000,Exterior stairwell enclosed 2000?
MainGT,155B,Research Administration Addition,BUILDING,M,22975,A,1,1,SATIS,,1/1/2002 0:00,1/1/2003 0:00,Cooper Carry,Gay Construction Co.,4600000,ACADSUPP,5,Y,7,Res Admin Addn,,505 Tenth St,100-000-000,15744,4246,,160,,,060/0000-0000/0000-0000/0000-0000,
MainGT,156,845 Marietta Street N.W.,BUILDING,M,13225,A,1,1,SATIS,,1/1/1980 0:00,1/1/2000 0:00,,,241000,CAMPSUPP,5,Y,7,845 Marietta St.,,845 Marietta St,100-000-000,11346,723,0,140,,,060/0000-0000/0000-0000/0000-0000,
MainGT,158,Digital Fabrication Lab,BUILDING,M,20357,A,1,2,SATIS,,1/1/1988 0:00,1/1/2000 0:00,,,6000000,ACADI&R,5,Y,7,DFL (Old AWPL),,676 Marietta St,100-000-000,17725,1594,0,190,,,060/0000-0000/0000-0000/0000-0000,Second floor extended slightly 2000?
MainGT,160,Campus Recreation Center,BUILDING,M,72041,A,2,9,SATIS,,1/1/2001 0:00,1/1/2004 0:00,"Hastings & Chivetta Architects, Inc.",Beers Construction Company,44000000,STUDSUPP,5,Y,7,CRC,,750 Ferst Dr,100-000-000,47784,17325,,170,,,060/0000-0000/0000-0000/0000-0000,
MainGT,161,Facilities Waste Storage,BUILDING,M,2325,A,1,1,SATIS,,1/1/2000 0:00,1/1/2000 0:00,"Rosser International, Inc.",,534000,CAMPSUPP,5,Y,7,Fac Waste Stor,,957 Atlantic Dr,100-000-000,1986,0,0,160,,,060/0000-0000/0000-0000/0000-0000,
MainGT,163,645 Northside Drive,BUILDING,M,58202,A,1,1,REM>51,,1/1/1955 0:00,1/1/2001 0:00,,,1000,CAMPSUPP,5,Y,7,645 Northside Dr,,645 Northside Dr,100-000-000,53167,3300,,120,,,060/0000-0000/0000-0000/0000-0000,
MainGT,164,Business Services,BUILDING,M,28074,A,1,1,SATIS,,1/1/1975 0:00,1/1/2001 0:00,Warner And Summers Inc.,,1000,CAMPSUPP,5,Y,7,Business Svcs,,711 Marietta St,100-000-000,24137,2004,50,140,1/1/2001 0:00,,060/0000-0000/0000-0000/0000-0000,
MainGT,165,"Whitaker, U.A.",BUILDING,M,99822,A,1,3,SATIS,,1/1/2002 0:00,1/1/2003 0:00,"Hellmuth, Obata & Kassabaum, Inc.","Archer-Western Contractors, Ltd.",23000000,ACADI&R,5,Y,7,U.A. Whitaker,,313 Ferst Dr,100-000-000,62888,27572,,220,,,060/0000-0000/0000-0000/0000-0000,Naming from April 2001 BOR minutes.
MainGT,166,Clough Undergraduate Learning Commons,BUILDING,M,229919,A,9,3,SATIS,G. Wayne Clough,8/1/2011 0:00,8/1/2011 0:00,BCJ and Facility Group,Turner Construction Co.,93645000,ACADI&R,5,Y,7,Clough,J-50,266 Fourth St,100-000-000,115711,97016,,220,,,060/0000-0000/0000-0000/0000-0000,Starbucks is Aux.
MainGT,167,Molecular Science and Engineering,BUILDING,M,292838,A,2,3,SATIS,Glen P. Robinson Jr. (east tower); Patrick H. Nettles (west twr),8/21/2006 0:00,8/21/2006 0:00,Cuh2a,Turner Construction Co.,66000000,ACADI&R,5,Y,7,MS&E,,901 Atlantic Dr.,095-005-000,182446,90152,,220,,,060/0000-0000/0000-0000/0000-0000,Naming from April 2007 BOR minutes.
MainGT,168,"Chandler, Russ Baseball Stadium",BUILDING,M,33806,A,2,10,SATIS,Russ Chandler,1/1/2001 0:00,1/1/2002 0:00,"HOK Sports Facilities Group, LLC",Carter/Turner Construction,9480000,ATHASSOC,5,Y,7,Chandler Stadium,,255 Ferst Drive,000-000-100,21865,8315,28,220,1/1/2015 0:00,,060/0000-0000/0000-0000/0000-0000,
MainGT,169,Ethel Street Warehouse,BUILDING,N,33007,A,5,1,SATIS,,1/1/2003 0:00,1/1/2003 0:00,,,1000,CAMPSUPP,5,,7,Ethel St Warehse,,650 Ethel St,100-000-000,30504,1355,,120,,,060/0000-0000/0000-0000/0000-0000,
MainGT,170,Global Learning Center,BUILDING,M,143669,A,2,2,SATIS,,1/1/2001 0:00,1/1/2003 0:00,"Thompson, Ventulett, Stainback & Associates",Holder/Hardin Jv Construction Company,31300000,ACADI&R,5,Y,7,Global Lrn Ctr,,84 Fifth St,095-005-000,76652,53439,,190,,,060/0000-0000/0000-0000/0000-0000,
MainGT,171,Hotel Retail Space,BUILDING,M,6862,A,2,1,SATIS,,1/1/2003 0:00,1/1/2003 0:00,,,1000,CAMPSUPP,5,Y,7,Hotel Retail,,800 Spring St,000-100-000,6862,0,,160,,,060/0000-0000/0000-0000/0000-0000060/0000-0000/0000-0000/0000-0000,
MainGT,172,College of Business,BUILDING,M,264432,A,2,2,SATIS,,1/1/2001 0:00,1/1/2003 0:00,"Thompson, Ventulett, Stainback & Associates",Holder/Hardin Jv Construction Company,51900000,ACADI&R,5,Y,7,Coll of Business,,800 W Peachtree,075-025-000,165002,75079,,190,,,060/0000-0000/0000-0000/0000-0000,
MainGT,173,760 Spring Street,BUILDING,M,67423,A,2,1,SATIS,,1/1/2001 0:00,1/1/2003 0:00,"Thompson, Ventulett, Stainback & Associates",Holder/Hardin Jv Construction Company,13700000,CAMPSUPP,5,Y,7,760 Spring St,,760 Spring St,075-000-025,37448,22586,,160,,,060/0000-0000/0000-0000/0000-0000,Legal Dept move in 6/2010 No change in RI CAA
MainGT,175,Technology Square Research,BUILDING,M,215248,A,4,4,SATIS,,1/1/2001 0:00,1/1/2002 0:00,"Smallwood, Reynolds, Stewart, Stewart & Associates",Hardin Construction,76000000,ACADI&R,5,Y,7,Tech Sq Research,,85 Fifth St,100-000-000,147851,50373,,250,,,060/0000-0000/0000-0000/0000-0000060/0000-0000/0000-0000/0000-0000,
MainGT,176,Centergy One,BUILDING,M,148391,A,5,4,SATIS,,1/1/2003 0:00,1/1/2003 0:00,,,1000,ACADI&R,5,Y,7,Centergy One,,75 Fifth St,062-000-038,122572,1236,,250,,,060/0000-0000/0000-0000/0000-0000060/0000-0000/0000-0000/0000-0000,RI update 2013 RI Update 5/28/15 sf per current leases
MainGT,177,"Whitehead, Joseph B. Student Health Center",BUILDING,M,38750,A,1,5,SATIS,,1/1/2002 0:00,1/1/2003 0:00,"Lord, Aeck & Sargent",Whiting - Turner Contracting Co.,6700000,STUDSUPP,5,Y,7,Stu Health Ctr,,740 Ferst Dr,000-100-000,27547,7574,,250,,,060/0000-0000/0000-0000/0000-0000,
MainGT,178,828 West Peachtree Street,BUILDING,M,49663,A,1,1,SATIS,,1/1/1948 0:00,1/1/2006 0:00,,,3649680,CAMPSUPP,5,Y,7,828 W Ptree St,,828 W Ptree,072-028-000,35725,9355,30,140,1/1/2010 0:00,,060/0000-0000/0000-0000/0000-0000,
MainGT,179,830 West Peachtree Street,BUILDING,M,49553,A,1,1,SATIS,,1/1/2006 0:00,1/1/2006 0:00,,,7200000,OTHER,5,Y,7,830 W Ptree St,,830 W Ptree,000-000-100,49553,0,,140,,,060/0000-0000/0000-0000/0000-0000,
MainGT,180,Family Apartments,BUILDING,M,394386,A,2,24,SATIS,,1/1/2004 0:00,1/1/2005 0:00,Cooper Carry Associates,Holder Construction,61900000,RESIDENT,5,Y,7,Family Apts,,251 Tenth St,001-099-000,254375,76525,,160,,,060/ - /0394-0394/ -,"1% RI - AVPFAC request 3/2011, Steam/chill water line mechanical rm"
MainGT,181,Marcus Nanotechnology,BUILDING,M,194852,A,9,4,SATIS,Marcus Foundation,1/1/2008 0:00,1/1/2008 0:00,,,97007000,ACADI&R,5,Y,7,Nanotech Res,J-77,345 Ferst Dr NW,100-000-000,102880,79714,,250,,,060/ - / - / -,
MainGT,184,831 Marietta Street N.W.,BUILDING,M,23300,A,1,4,SATIS,,1/1/1987 0:00,1/1/1995 0:00,,,1000,ACADI&R,5,Y,7,831 Marietta St.,,831 Marietta St,080-000-020,16408,4599,75,180,1/1/2008 0:00,,060/0000-0000/0000-0000/0000-0000,Partially leased beginning in 1995; acquired 5/1/2007. 80/00/20 6/2014
MainGT,185,Strong Street Gatehouse,BUILDING,M,291,A,1,1,SATIS,,1/1/2006 0:00,1/1/2006 0:00,,,1000,CAMPSUPP,5,Y,7,Strng St Gatehse,,637 Strong St,000-100-000,172,55,,120,,,060/ - / - / -,
MainGT,186,755 Marietta Street N.W.,BUILDING,M,12420,A,1,1,SATIS,,1/1/1979 0:00,1/1/2012 0:00,,,1000,CAMPSUPP,5,Y,7,755 Marietta St.,,755 Marietta St,100-000-000,10400,873,100,120,1/1/2017 0:00,,060/0000-0000/0000-0000/0000-0000,
MainGT,187,793 Marietta Street N.W.,BUILDING,M,18917,A,1,1,SATIS,,1/1/1985 0:00,1/1/2013 0:00,,,1000,ACADI&R,5,Y,7,793 Marietta St.,,793 Marietta St,100-000-000,14545,1969,,120,,,060/0000-0000/0000-0000/0000-0000,
MainGT,189,Substation Control House,BUILDING,M,624,A,2,16,SATIS,,1/1/2006 0:00,1/1/2006 0:00,"Nottingham,Brook&Pennington",Cleveland Electric,36200000,CAMPSUPP,5,Y,7,Sub Ctl Hse,,665 Northside Dr,100-000-000,,583,,45,,,060/ - / - / -,Amy Landsberg - Power wrap Design
MainGT,191,North Avenue Apartments,BUILDING,M,966203,A,2,23,SATIS,,1/1/1995 0:00,7/1/2007 0:00,Niles Bolton Associates,Ellisdon,20700000,RESIDENT,5,Y,7,North Ave Apts,,120 North Ave,001-099-000,591261,264847,,160,,,060/ - /0473-0473/ -,"24.7 m GTFI upgrades and renovation. 1% RI - AVPFAC request 3/2011, Steam/chill water line mechanical rm"
MainGT,195,Roger A. and Helen B. Krone Engineered Biosystems,BUILDING,M,224925,A,1,4,SATIS,Roger A. and Helen B. Krone,1/1/2015 0:00,1/1/2015 0:00,Cooper Carry Lake Flato,"McCarthy Building Companies, Inc.",91425690,ACADI&R,5,Y,7,EBB,J198,950 Atlantic Dr,100-000-000,122145,81526,,250,,,060/0000-0000/0000-0000/0000-0000,
MainGT,196,"Mewborn, Shirley Clements Softball Stadium",BUILDING,M,7094,A,1,10,SATIS,,1/1/2008 0:00,1/1/2008 0:00,"Rosser International, Inc.",,7000000,ATHASSOC,5,Y,7,Softball Stadium,,935 Fowler St,000-000-100,4599,1698,,220,,,060/0000-0000/0000-0000/0000-0000,
MainGT,198,Academy of Medicine,BUILDING,M,20030,A,2,1,SATIS,,1/1/1941 0:00,1/1/2010 0:00,"R. Kennon Perry, Architect; Hentz Adler & Shutze, Consulting Arc",,1000,CAMPSUPP,5,Y,7,Acad of Medicine,,875 W Ptree,100-000-000,14061,3258,50,140,1/1/2012 0:00,,060/0000-0000/0000-0000/0000-0000,"Renovation 2012: R. Kennon Perry, Architects RI Update 5/28/15 correcting allocation and returning to original intent"
MainGT,199,Carbon-Neutral Energy Solutions Laboratory,BUILDING,M,46888,A,2,4,SATIS,,1/1/2012 0:00,1/1/2012 0:00,,,25550000,ACADI&R,5,Y,7,C-NES Lab,,495 Tech Way NW,050-000-050,22926,20501,,250,,,060/0000-0000/0000-0000/0000-0000,
MainGT,200,"Brock, Mary R. & John F. Football Practice Facility",BUILDING,M,82144,A,1,9,SATIS,"Brock, Mary R. & John F.",1/1/2011 0:00,1/1/2011 0:00,Bmc Mmp Kai,,6031700,ATHASSOC,5,Y,7,FB Practice Fac,,237 Cherry St,000-000-100,79149,531,,140,,,060/0000-0000/0000-0000/0000-0000,
MainGT,201,Challenge Course Pavilion,BUILDING,M,3885,A,1,9,SATIS,,1/1/2011 0:00,1/1/2011 0:00,Houser Walker,,950000,STUDSUPP,5,Y,7,Challnge Crs Pav,,816 Ferst Dr,000-000-100,216,3503,,140,,,060/0000-0000/0000-0000/0000-0000,
MainGT,203,"Byers, Ken Tennis Complex",BUILDING,M,50935,A,1,9,SATIS,Ken And Trisha Byers,1/1/2013 0:00,1/1/2013 0:00,Woolpert,New South Construction,11373120,ATHASSOC,5,Y,7,Byers Tennis,,960 Fowler St,000-000-100,44076,3661,,140,,,060/0000-0000/0000-0000/0000-0000,
MainGT,209,West Village Dining Commons,BUILDING,M,60120,A,1,8,SATIS,,1/1/2017 0:00,8/1/2017 0:00,Cooper Carry,Juneau Construction Company,18400000,STUDSUPP,5,Y,7,W CAMPUS DINING,BR30,532 Eighth St.,050-050-000,34902,20753,,160,,,060/ - / - / -,Complete project ID is BR-30-1407. FIDC only allows 4 characters so it is truncated to BR30.
MainGT,212,CRC Storage Building,BUILDING,M,2304,A,1,9,SATIS,,1/1/2017 0:00,1/1/2017 0:00,Goode Van Slyke,Bartos Building Company,386000,STUDSUPP,5,Y,7,CRC Storage Bldg,,750 Ferst Dr.,100-000-000,2054,0,,110,,,060/ - / - / -,
MainGT,709,162 Fourth Street,BUILDING,M,3800,A,1,20,SATIS,,1/1/1930 0:00,1/1/1984 0:00,,,85000,OTHER,5,Y,2,162 Fourth St.,,162 Fourth St,000-100-000,3800,0,0,50,,,060/0000-0000/0000-0000/0008-0008,
MainGT,720,"Heffernan, Paul H. House",BUILDING,M,4375,A,1,1,SATIS,Paul H. Heffernan,1/1/1927 0:00,1/1/1995 0:00,,,1000,ACADSUPP,5,Y,4,Heffernan House,,166 Fifth Street,100-000-000,2907,763,0,140,,,060/0000-0000/0000-0000/0000-0000,$1/year lease from GT Foundation beginning in 1995; subsequently gifted.
MainGT,785,Technology Enterprise Park #1,BUILDING,M,32705,A,5,4,SATIS,,1/1/2007 0:00,1/1/2013 0:00,,,1000,ACADI&R,5,,7,TEP #1,,387 Technology C,100-000-000,24719,4913,,250,,,060/ - / - / -,"Lease sf is 33,997."
MainGT,791,"Landon, R. Kirk Learning Center",BUILDING,N,11743,A,6,1,SATIS,,1/1/2003 0:00,1/1/2003 0:00,,,1000,OTHER,5,,4,Landon Lrng Ctr,,1015 Tumlin St,000-000-100,9239,1407,0,120,,,060/0000-0000/0000-0000/0000-0000,
MainGT,850,575 Fourteenth Street Engineering Ctr,BUILDING,N,117159,A,5,4,SATIS,,1/1/1950 0:00,1/1/1997 0:00,,,1000,ACADI&R,5,,7,575 14th Street,,575 14th Street,066-022-012,89166,19962,100,180,1/1/1990 0:00,,060/0000-0000/0000-0000/0000-0000,
MainGT,876,Biltmore,BUILDING,N,20673,A,4,1,SATIS,,1/1/2012 0:00,1/1/2012 0:00,,,1000,ACADSUPP,5,,7,Biltmore,,817 W Peachtree,100-000-000,16713,1698,,140,,,060/0000-0000/0000-0000/0000-0000,Lease amendment + New Leased space 6/2014
